{"accuracy": 0.8688524590163934, "roc_auc": 0.8701508620689655, "f1_score": 0.870967741935484}