{"accuracy": 0.8360655737704918, "roc_auc": 0.8356681034482758, "f1_score": 0.84375}